{"stats":{"minecraft:picked_up":{"minecraft:stick":2,"regions_unexplored:bamboo_sapling":1,"regions_unexplored:bamboo_log":12},"minecraft:used":{"tombstone:gift":1,"regions_unexplored:bamboo_log":11,"epicfight:skillbook":1},"minecraft:mined":{"regions_unexplored:medium_grass":1,"projectvibrantjourneys:short_grass":2,"regions_unexplored:bamboo_leaves":6,"regions_unexplored:bamboo_log":14},"minecraft:custom":{"minecraft:jump":34,"minecraft:time_since_rest":2043,"minecraft:damage_taken":1180,"minecraft:crouch_one_cm":3325,"minecraft:leave_game":4,"minecraft:sprint_one_cm":5000,"minecraft:play_time":3636,"minecraft:walk_one_cm":13370,"minecraft:time_since_death":2601,"minecraft:deaths":1,"minecraft:sneak_time":1043,"minecraft:total_world_time":3636,"minecraft:fall_one_cm":24790,"minecraft:fly_one_cm":5054}},"DataVersion":3465}