{
	"level_seeds": [
		{
			"dim": "minecraft:overworld",
			"seed": -990087806459076144
		},
		{
			"dim": "minecraft:the_nether",
			"seed": -990087806459076144
		},
		{
			"dim": "twilightforest:twilight_forest",
			"seed": -990087806459076144
		},
		{
			"dim": "minecraft:the_end",
			"seed": -990087806459076144
		},
		{
			"dim": "the_awakening_of_the_elder_souls:the_eclipse",
			"seed": -990087806459076144
		}
	],
	"structure_seeds": [
		{
			"dim": "minecraft:overworld",
			"seed": -990087806459076144
		},
		{
			"dim": "minecraft:the_nether",
			"seed": -990087806459076144
		},
		{
			"dim": "twilightforest:twilight_forest",
			"seed": -990087806459076144
		},
		{
			"dim": "minecraft:the_end",
			"seed": -990087806459076144
		},
		{
			"dim": "the_awakening_of_the_elder_souls:the_eclipse",
			"seed": -990087806459076144
		}
	]
}